[
  {
    "ENTIDAD": 29,
    "MUNICIPIO": 1,
    "LOCALIDAD": 1,
    "NOMBRE": "SAN BERNABE AMAXAC DE GUERRERO",
    "TIPO": 2,
    "CABECERA": 3
  },
  {
    "ENTIDAD": 29,
    "MUNICIPIO": 1,
    "LOCALIDAD": 3,
    "NOMBRE": "SAN DAMIAN TLACOCALPAN",
    "TIPO": 2,
    "CABECERA": 4
  },
  {
    "ENTIDAD": 29,
    "MUNICIPIO": 2,
    "LOCALIDAD": 1,
    "NOMBRE": "APETATITLAN DE ANTONIO CARVAJAL",
    "TIPO": 2,
    "CABECERA": 3
  },
  {
    "ENTIDAD": 29,
    "MUNICIPIO": 2,
    "LOCALIDAD": 2,
    "NOMBRE": "BELEN ATZITZIMITITLAN",
    "TIPO": 2,
    "CABECERA": 4
  },
  {
    "ENTIDAD": 29,
    "MUNICIPIO": 2,
    "LOCALIDAD": 3,
    "NOMBRE": "SAN MATIAS TEPETOMATITLAN",
    "TIPO": 2,
    "CABECERA": 4
  },
  {
    "ENTIDAD": 29,
    "MUNICIPIO": 2,
    "LOCALIDAD": 4,
    "NOMBRE": "TECOLOTLA",
    "TIPO": 2,
    "CABECERA": 4
  },
  {
    "ENTIDAD": 29,
    "MUNICIPIO": 3,
    "LOCALIDAD": 1,
    "NOMBRE": "APIZACO",
    "TIPO": 2,
    "CABECERA": 2
  },
  {
    "ENTIDAD": 29,
    "MUNICIPIO": 3,
    "LOCALIDAD": 2,
    "NOMBRE": "SANTA ANITA HUILOAC",
    "TIPO": 2,
    "CABECERA": 4
  },
  {
    "ENTIDAD": 29,
    "MUNICIPIO": 3,
    "LOCALIDAD": 3,
    "NOMBRE": "SANTA MARIA TEXCALAC",
    "TIPO": 2,
    "CABECERA": 4
  },
  {
    "ENTIDAD": 29,
    "MUNICIPIO": 3,
    "LOCALIDAD": 6,
    "NOMBRE": "JOSE MARIA MORELOS",
    "TIPO": 2,
    "CABECERA": 4
  },
  {
    "ENTIDAD": 29,
    "MUNICIPIO": 4,
    "LOCALIDAD": 1,
    "NOMBRE": "ATLANGATEPEC",
    "TIPO": 2,
    "CABECERA": 3
  },
  {
    "ENTIDAD": 29,
    "MUNICIPIO": 4,
    "LOCALIDAD": 2,
    "NOMBRE": "BENITO JUAREZ TEZOYO",
    "TIPO": 4,
    "CABECERA": 4
  },
  {
    "ENTIDAD": 29,
    "MUNICIPIO": 4,
    "LOCALIDAD": 7,
    "NOMBRE": "LOMA BONITA",
    "TIPO": 4,
    "CABECERA": null
  },
  {
    "ENTIDAD": 29,
    "MUNICIPIO": 4,
    "LOCALIDAD": 16,
    "NOMBRE": "COMUNIDAD DE AGRICOLA SAN LUIS",
    "TIPO": 4,
    "CABECERA": 4
  },
  {
    "ENTIDAD": 29,
    "MUNICIPIO": 4,
    "LOCALIDAD": 17,
    "NOMBRE": "SAN PEDRO ECATEPEC",
    "TIPO": 2,
    "CABECERA": 4
  },
  {
    "ENTIDAD": 29,
    "MUNICIPIO": 4,
    "LOCALIDAD": 19,
    "NOMBRE": "SANTA CLARA OZUMBA",
    "TIPO": 4,
    "CABECERA": 4
  },
  {
    "ENTIDAD": 29,
    "MUNICIPIO": 4,
    "LOCALIDAD": 21,
    "NOMBRE": "SANTA MARIA TEPETZALA",
    "TIPO": 4,
    "CABECERA": null
  },
  {
    "ENTIDAD": 29,
    "MUNICIPIO": 4,
    "LOCALIDAD": 23,
    "NOMBRE": "SANTIAGO VILLALTA",
    "TIPO": 4,
    "CABECERA": 4
  },
  {
    "ENTIDAD": 29,
    "MUNICIPIO": 4,
    "LOCALIDAD": 27,
    "NOMBRE": "COLONIA LA TRASQUILA",
    "TIPO": 4,
    "CABECERA": 4
  },
  {
    "ENTIDAD": 29,
    "MUNICIPIO": 4,
    "LOCALIDAD": 29,
    "NOMBRE": "VILLA DE LAS FLORES",
    "TIPO": 4,
    "CABECERA": 4
  },
  {
    "ENTIDAD": 29,
    "MUNICIPIO": 4,
    "LOCALIDAD": 34,
    "NOMBRE": "ZUMPANGO",
    "TIPO": 2,
    "CABECERA": 4
  },
  {
    "ENTIDAD": 29,
    "MUNICIPIO": 5,
    "LOCALIDAD": 1,
    "NOMBRE": "ALTZAYANCA",
    "TIPO": 2,
    "CABECERA": 3
  },
  {
    "ENTIDAD": 29,
    "MUNICIPIO": 5,
    "LOCALIDAD": 2,
    "NOMBRE": "SANTA CRUZ POCITOS",
    "TIPO": 2,
    "CABECERA": 4
  },
  {
    "ENTIDAD": 29,
    "MUNICIPIO": 5,
    "LOCALIDAD": 5,
    "NOMBRE": "BUENA VISTA",
    "TIPO": 4,
    "CABECERA": 4
  },
  {
    "ENTIDAD": 29,
    "MUNICIPIO": 5,
    "LOCALIDAD": 7,
    "NOMBRE": "CONCEPCION HIDALGO",
    "TIPO": 2,
    "CABECERA": 4
  },
  {
    "ENTIDAD": 29,
    "MUNICIPIO": 5,
    "LOCALIDAD": 9,
    "NOMBRE": "DELICIAS",
    "TIPO": 4,
    "CABECERA": 4
  },
  {
    "ENTIDAD": 29,
    "MUNICIPIO": 5,
    "LOCALIDAD": 10,
    "NOMBRE": "FELIPE CARRILLO PUERTO",
    "TIPO": 2,
    "CABECERA": 4
  },
  {
    "ENTIDAD": 29,
    "MUNICIPIO": 5,
    "LOCALIDAD": 12,
    "NOMBRE": "COLONIA GUADALUPE",
    "TIPO": 4,
    "CABECERA": null
  },
  {
    "ENTIDAD": 29,
    "MUNICIPIO": 5,
    "LOCALIDAD": 16,
    "NOMBRE": "LAZARO CARDENAS",
    "TIPO": 4,
    "CABECERA": 4
  },
  {
    "ENTIDAD": 29,
    "MUNICIPIO": 5,
    "LOCALIDAD": 19,
    "NOMBRE": "MESA REDONDA",
    "TIPO": 4,
    "CABECERA": 4
  },
  {
    "ENTIDAD": 29,
    "MUNICIPIO": 5,
    "LOCALIDAD": 24,
    "NOMBRE": "NAZARETH",
    "TIPO": 4,
    "CABECERA": 4
  },
  {
    "ENTIDAD": 29,
    "MUNICIPIO": 5,
    "LOCALIDAD": 25,
    "NOMBRE": "NEXNOPALA",
    "TIPO": 4,
    "CABECERA": 4
  },
  {
    "ENTIDAD": 29,
    "MUNICIPIO": 5,
    "LOCALIDAD": 26,
    "NOMBRE": "SAN JUAN OCOTITLA",
    "TIPO": 4,
    "CABECERA": 4
  },
  {
    "ENTIDAD": 29,
    "MUNICIPIO": 5,
    "LOCALIDAD": 29,
    "NOMBRE": "POCITOS",
    "TIPO": 4,
    "CABECERA": 4
  },
  {
    "ENTIDAD": 29,
    "MUNICIPIO": 5,
    "LOCALIDAD": 37,
    "NOMBRE": "SAN ANTONIO TECOPILCO",
    "TIPO": 4,
    "CABECERA": 4
  },
  {
    "ENTIDAD": 29,
    "MUNICIPIO": 5,
    "LOCALIDAD": 39,
    "NOMBRE": "SAN JOSE PILANCON",
    "TIPO": 4,
    "CABECERA": 4
  },
  {
    "ENTIDAD": 29,
    "MUNICIPIO": 5,
    "LOCALIDAD": 42,
    "NOMBRE": "SANTA MARIA LAS CUEVAS",
    "TIPO": 4,
    "CABECERA": 4
  },
  {
    "ENTIDAD": 29,
    "MUNICIPIO": 5,
    "LOCALIDAD": 47,
    "NOMBRE": "XALTITLA",
    "TIPO": 4,
    "CABECERA": 4
  },
  {
    "ENTIDAD": 29,
    "MUNICIPIO": 6,
    "LOCALIDAD": 1,
    "NOMBRE": "SAN ANTONIO CALPULALPAN",
    "TIPO": 2,
    "CABECERA": 3
  },
  {
    "ENTIDAD": 29,
    "MUNICIPIO": 6,
    "LOCALIDAD": 17,
    "NOMBRE": "SAN ANTONIO MAZAPA",
    "TIPO": 2,
    "CABECERA": 4
  },
  {
    "ENTIDAD": 29,
    "MUNICIPIO": 6,
    "LOCALIDAD": 19,
    "NOMBRE": "GUSTAVO DIAZ ORDAZ",
    "TIPO": 4,
    "CABECERA": 4
  },
  {
    "ENTIDAD": 29,
    "MUNICIPIO": 6,
    "LOCALIDAD": 20,
    "NOMBRE": "SAN CRISTOBAL ZACACALCO",
    "TIPO": 4,
    "CABECERA": 4
  },
  {
    "ENTIDAD": 29,
    "MUNICIPIO": 6,
    "LOCALIDAD": 21,
    "NOMBRE": "SAN FELIPE SULTEPEC",
    "TIPO": 2,
    "CABECERA": 4
  },
  {
    "ENTIDAD": 29,
    "MUNICIPIO": 6,
    "LOCALIDAD": 22,
    "NOMBRE": "SANTA ISABEL",
    "TIPO": 4,
    "CABECERA": 4
  },
  {
    "ENTIDAD": 29,
    "MUNICIPIO": 6,
    "LOCALIDAD": 25,
    "NOMBRE": "SAN MARCOS GUAQUILPAN",
    "TIPO": 2,
    "CABECERA": 4
  },
  {
    "ENTIDAD": 29,
    "MUNICIPIO": 6,
    "LOCALIDAD": 26,
    "NOMBRE": "SAN MATEO ACTIPAN",
    "TIPO": 4,
    "CABECERA": 4
  },
  {
    "ENTIDAD": 29,
    "MUNICIPIO": 6,
    "LOCALIDAD": 29,
    "NOMBRE": "SANTIAGO CUAULA",
    "TIPO": 2,
    "CABECERA": 4
  },
  {
    "ENTIDAD": 29,
    "MUNICIPIO": 6,
    "LOCALIDAD": 31,
    "NOMBRE": "LA SOLEDAD",
    "TIPO": 2,
    "CABECERA": 4
  },
  {
    "ENTIDAD": 29,
    "MUNICIPIO": 6,
    "LOCALIDAD": 36,
    "NOMBRE": "LA VENTA",
    "TIPO": 4,
    "CABECERA": null
  },
  {
    "ENTIDAD": 29,
    "MUNICIPIO": 7,
    "LOCALIDAD": 1,
    "NOMBRE": "VILLA DE EL CARMEN TEQUEXQUITLA",
    "TIPO": 2,
    "CABECERA": 3
  },
  {
    "ENTIDAD": 29,
    "MUNICIPIO": 7,
    "LOCALIDAD": 2,
    "NOMBRE": "LA SOLEDAD",
    "TIPO": 4,
    "CABECERA": 4
  },
  {
    "ENTIDAD": 29,
    "MUNICIPIO": 7,
    "LOCALIDAD": 4,
    "NOMBRE": "COLONIA VICENTE GUERRERO",
    "TIPO": 4,
    "CABECERA": 4
  },
  {
    "ENTIDAD": 29,
    "MUNICIPIO": 8,
    "LOCALIDAD": 1,
    "NOMBRE": "CUAPIAXTLA",
    "TIPO": 2,
    "CABECERA": 3
  },
  {
    "ENTIDAD": 29,
    "MUNICIPIO": 8,
    "LOCALIDAD": 4,
    "NOMBRE": "COLONIA DEL VALLE",
    "TIPO": 4,
    "CABECERA": null
  },
  {
    "ENTIDAD": 29,
    "MUNICIPIO": 8,
    "LOCALIDAD": 9,
    "NOMBRE": "IGNACIO ALLENDE",
    "TIPO": 2,
    "CABECERA": 4
  },
  {
    "ENTIDAD": 29,
    "MUNICIPIO": 8,
    "LOCALIDAD": 11,
    "NOMBRE": "JOSE MARIA MORELOS",
    "TIPO": 4,
    "CABECERA": 4
  },
  {
    "ENTIDAD": 29,
    "MUNICIPIO": 8,
    "LOCALIDAD": 13,
    "NOMBRE": "LOMA BONITA",
    "TIPO": 4,
    "CABECERA": 4
  },
  {
    "ENTIDAD": 29,
    "MUNICIPIO": 8,
    "LOCALIDAD": 14,
    "NOMBRE": "MANUEL AVILA CAMACHO",
    "TIPO": 4,
    "CABECERA": 4
  },
  {
    "ENTIDAD": 29,
    "MUNICIPIO": 8,
    "LOCALIDAD": 16,
    "NOMBRE": "PLAN DE AYALA",
    "TIPO": 4,
    "CABECERA": 4
  },
  {
    "ENTIDAD": 29,
    "MUNICIPIO": 8,
    "LOCALIDAD": 23,
    "NOMBRE": "SAN FRANCISCO CUEXCONTZI",
    "TIPO": 2,
    "CABECERA": 4
  },
  {
    "ENTIDAD": 29,
    "MUNICIPIO": 8,
    "LOCALIDAD": 28,
    "NOMBRE": "SANTA BEATRIZ LA NUEVA",
    "TIPO": 4,
    "CABECERA": 4
  },
  {
    "ENTIDAD": 29,
    "MUNICIPIO": 8,
    "LOCALIDAD": 37,
    "NOMBRE": "NCP SAN RAFAEL TEPATLAXCO",
    "TIPO": 4,
    "CABECERA": null
  },
  {
    "ENTIDAD": 29,
    "MUNICIPIO": 9,
    "LOCALIDAD": 1,
    "NOMBRE": "SAN ANTONIO CUAXOMULCO",
    "TIPO": 2,
    "CABECERA": 3
  },
  {
    "ENTIDAD": 29,
    "MUNICIPIO": 9,
    "LOCALIDAD": 2,
    "NOMBRE": "SAN MIGUEL BUENA VISTA",
    "TIPO": 4,
    "CABECERA": 4
  },
  {
    "ENTIDAD": 29,
    "MUNICIPIO": 9,
    "LOCALIDAD": 3,
    "NOMBRE": "COXTLA",
    "TIPO": 4,
    "CABECERA": null
  },
  {
    "ENTIDAD": 29,
    "MUNICIPIO": 9,
    "LOCALIDAD": 4,
    "NOMBRE": "XALTELULCO",
    "TIPO": 4,
    "CABECERA": 4
  },
  {
    "ENTIDAD": 29,
    "MUNICIPIO": 9,
    "LOCALIDAD": 5,
    "NOMBRE": "ZACAMOLPA",
    "TIPO": 4,
    "CABECERA": 4
  },
  {
    "ENTIDAD": 29,
    "MUNICIPIO": 10,
    "LOCALIDAD": 1,
    "NOMBRE": "SANTA ANA CHIAUTEMPAN",
    "TIPO": 2,
    "CABECERA": 3
  },
  {
    "ENTIDAD": 29,
    "MUNICIPIO": 10,
    "LOCALIDAD": 4,
    "NOMBRE": "SAN PEDRO TLALCUAPAN DEL BRAVO MELENDEZTLA",
    "TIPO": 2,
    "CABECERA": 4
  },
  {
    "ENTIDAD": 29,
    "MUNICIPIO": 10,
    "LOCALIDAD": 6,
    "NOMBRE": "SAN BARTOLO CUAHUIXMATLAC",
    "TIPO": 2,
    "CABECERA": 4
  },
  {
    "ENTIDAD": 29,
    "MUNICIPIO": 10,
    "LOCALIDAD": 7,
    "NOMBRE": "SAN PEDRO MUÑOZTLA",
    "TIPO": 2,
    "CABECERA": 4
  },
  {
    "ENTIDAD": 29,
    "MUNICIPIO": 10,
    "LOCALIDAD": 8,
    "NOMBRE": "SAN PEDRO XOCHITEOTLA",
    "TIPO": 2,
    "CABECERA": 4
  },
  {
    "ENTIDAD": 29,
    "MUNICIPIO": 10,
    "LOCALIDAD": 9,
    "NOMBRE": "SAN RAFAEL TEPATLAXCO",
    "TIPO": 2,
    "CABECERA": 4
  },
  {
    "ENTIDAD": 29,
    "MUNICIPIO": 11,
    "LOCALIDAD": 1,
    "NOMBRE": "MUÑOZ",
    "TIPO": 2,
    "CABECERA": 3
  },
  {
    "ENTIDAD": 29,
    "MUNICIPIO": 11,
    "LOCALIDAD": 7,
    "NOMBRE": "GUADALUPE CUAUHTEMOC",
    "TIPO": 4,
    "CABECERA": 4
  },
  {
    "ENTIDAD": 29,
    "MUNICIPIO": 11,
    "LOCALIDAD": 9,
    "NOMBRE": "CUAMANTZINGO",
    "TIPO": 2,
    "CABECERA": 4
  },
  {
    "ENTIDAD": 29,
    "MUNICIPIO": 11,
    "LOCALIDAD": 10,
    "NOMBRE": "SAN ISIDRO CHIPILA",
    "TIPO": 4,
    "CABECERA": 4
  },
  {
    "ENTIDAD": 29,
    "MUNICIPIO": 12,
    "LOCALIDAD": 1,
    "NOMBRE": "ESPAÑITA",
    "TIPO": 2,
    "CABECERA": 3
  },
  {
    "ENTIDAD": 29,
    "MUNICIPIO": 12,
    "LOCALIDAD": 2,
    "NOMBRE": "ALVARO OBREGON",
    "TIPO": 4,
    "CABECERA": 4
  },
  {
    "ENTIDAD": 29,
    "MUNICIPIO": 12,
    "LOCALIDAD": 5,
    "NOMBRE": "LA CONSTANCIA",
    "TIPO": 4,
    "CABECERA": 4
  },
  {
    "ENTIDAD": 29,
    "MUNICIPIO": 12,
    "LOCALIDAD": 8,
    "NOMBRE": "BARRIO DE TORRES",
    "TIPO": 4,
    "CABECERA": 4
  },
  {
    "ENTIDAD": 29,
    "MUNICIPIO": 12,
    "LOCALIDAD": 15,
    "NOMBRE": "MAGDALENA CUEXTOTITLA",
    "TIPO": 2,
    "CABECERA": 4
  },
  {
    "ENTIDAD": 29,
    "MUNICIPIO": 12,
    "LOCALIDAD": 16,
    "NOMBRE": "MIGUEL ALDAMA (COLONIA)",
    "TIPO": 4,
    "CABECERA": 4
  },
  {
    "ENTIDAD": 29,
    "MUNICIPIO": 12,
    "LOCALIDAD": 22,
    "NOMBRE": "LA REFORMA",
    "TIPO": 4,
    "CABECERA": 4
  },
  {
    "ENTIDAD": 29,
    "MUNICIPIO": 12,
    "LOCALIDAD": 26,
    "NOMBRE": "SAN AGUSTIN",
    "TIPO": 4,
    "CABECERA": 4
  },
  {
    "ENTIDAD": 29,
    "MUNICIPIO": 12,
    "LOCALIDAD": 28,
    "NOMBRE": "SAN FRANCISCO MITEPEC",
    "TIPO": 4,
    "CABECERA": 4
  },
  {
    "ENTIDAD": 29,
    "MUNICIPIO": 12,
    "LOCALIDAD": 29,
    "NOMBRE": "SAN JUAN MITEPEC",
    "TIPO": 4,
    "CABECERA": 4
  },
  {
    "ENTIDAD": 29,
    "MUNICIPIO": 12,
    "LOCALIDAD": 30,
    "NOMBRE": "SAN MIGUEL EL PIÑON",
    "TIPO": 4,
    "CABECERA": 4
  },
  {
    "ENTIDAD": 29,
    "MUNICIPIO": 12,
    "LOCALIDAD": 31,
    "NOMBRE": "SAN MIGUEL PIPILLOLA",
    "TIPO": 4,
    "CABECERA": 4
  },
  {
    "ENTIDAD": 29,
    "MUNICIPIO": 12,
    "LOCALIDAD": 37,
    "NOMBRE": "VICENTE GUERRERO",
    "TIPO": 4,
    "CABECERA": 4
  },
  {
    "ENTIDAD": 29,
    "MUNICIPIO": 13,
    "LOCALIDAD": 1,
    "NOMBRE": "HUAMANTLA",
    "TIPO": 2,
    "CABECERA": 3
  },
  {
    "ENTIDAD": 29,
    "MUNICIPIO": 13,
    "LOCALIDAD": 2,
    "NOMBRE": "BENITO JUAREZ",
    "TIPO": 2,
    "CABECERA": 4
  },
  {
    "ENTIDAD": 29,
    "MUNICIPIO": 13,
    "LOCALIDAD": 3,
    "NOMBRE": "COLONIA CUAUHTEMOC",
    "TIPO": 2,
    "CABECERA": 4
  },
  {
    "ENTIDAD": 29,
    "MUNICIPIO": 13,
    "LOCALIDAD": 4,
    "NOMBRE": "HERMENEGILDO GALEANA",
    "TIPO": 2,
    "CABECERA": 4
  },
  {
    "ENTIDAD": 29,
    "MUNICIPIO": 13,
    "LOCALIDAD": 5,
    "NOMBRE": "IGNACIO ZARAGOZA",
    "TIPO": 2,
    "CABECERA": 4
  },
  {
    "ENTIDAD": 29,
    "MUNICIPIO": 13,
    "LOCALIDAD": 6,
    "NOMBRE": "XICOHTENCATL",
    "TIPO": 2,
    "CABECERA": 4
  },
  {
    "ENTIDAD": 29,
    "MUNICIPIO": 13,
    "LOCALIDAD": 7,
    "NOMBRE": "ALTAMIRA GUADALUPE",
    "TIPO": 4,
    "CABECERA": 4
  },
  {
    "ENTIDAD": 29,
    "MUNICIPIO": 13,
    "LOCALIDAD": 13,
    "NOMBRE": "EL CARMEN XALPATLAHUAYA",
    "TIPO": 2,
    "CABECERA": 4
  },
  {
    "ENTIDAD": 29,
    "MUNICIPIO": 13,
    "LOCALIDAD": 14,
    "NOMBRE": "CHAPULTEPEC",
    "TIPO": 2,
    "CABECERA": 4
  },
  {
    "ENTIDAD": 29,
    "MUNICIPIO": 13,
    "LOCALIDAD": 19,
    "NOMBRE": "FRANCISCO I. MADERO (LAS MESAS)",
    "TIPO": 4,
    "CABECERA": null
  },
  {
    "ENTIDAD": 29,
    "MUNICIPIO": 13,
    "LOCALIDAD": 20,
    "NOMBRE": "COLONIA EL VALLE",
    "TIPO": 4,
    "CABECERA": 4
  },
  {
    "ENTIDAD": 29,
    "MUNICIPIO": 13,
    "LOCALIDAD": 21,
    "NOMBRE": "FRANCISCO I. MADERO TECOAC",
    "TIPO": 4,
    "CABECERA": 4
  },
  {
    "ENTIDAD": 29,
    "MUNICIPIO": 13,
    "LOCALIDAD": 22,
    "NOMBRE": "FRANCISCO VILLA",
    "TIPO": 4,
    "CABECERA": null
  },
  {
    "ENTIDAD": 29,
    "MUNICIPIO": 13,
    "LOCALIDAD": 23,
    "NOMBRE": "FRANCISCO VILLA TECOAC",
    "TIPO": 4,
    "CABECERA": 4
  },
  {
    "ENTIDAD": 29,
    "MUNICIPIO": 13,
    "LOCALIDAD": 25,
    "NOMBRE": "N.C.P. JOSE MARIA MORELOS",
    "TIPO": 4,
    "CABECERA": 4
  },
  {
    "ENTIDAD": 29,
    "MUNICIPIO": 13,
    "LOCALIDAD": 26,
    "NOMBRE": "JOSE MARIA MORELOS",
    "TIPO": 2,
    "CABECERA": 4
  },
  {
    "ENTIDAD": 29,
    "MUNICIPIO": 13,
    "LOCALIDAD": 27,
    "NOMBRE": "LAZARO CARDENAS",
    "TIPO": 2,
    "CABECERA": 4
  },
  {
    "ENTIDAD": 29,
    "MUNICIPIO": 13,
    "LOCALIDAD": 28,
    "NOMBRE": "COLONIA MAURO ANGULO",
    "TIPO": 4,
    "CABECERA": null
  },
  {
    "ENTIDAD": 29,
    "MUNICIPIO": 13,
    "LOCALIDAD": 31,
    "NOMBRE": "LOS PILARES",
    "TIPO": 4,
    "CABECERA": 4
  },
  {
    "ENTIDAD": 29,
    "MUNICIPIO": 13,
    "LOCALIDAD": 55,
    "NOMBRE": "SAN FRANCISCO NOTARIO",
    "TIPO": 4,
    "CABECERA": null
  },
  {
    "ENTIDAD": 29,
    "MUNICIPIO": 13,
    "LOCALIDAD": 56,
    "NOMBRE": "SAN FRANCISCO TECOAC",
    "TIPO": 4,
    "CABECERA": 4
  },
  {
    "ENTIDAD": 29,
    "MUNICIPIO": 13,
    "LOCALIDAD": 57,
    "NOMBRE": "NUEVO CENTRO DE POBLACION SAN JOSE TEACALCO",
    "TIPO": 4,
    "CABECERA": 4
  },
  {
    "ENTIDAD": 29,
    "MUNICIPIO": 13,
    "LOCALIDAD": 59,
    "NOMBRE": "COLONIA AGRICOLA SAN MARTIN NOTARIO",
    "TIPO": 4,
    "CABECERA": null
  },
  {
    "ENTIDAD": 29,
    "MUNICIPIO": 13,
    "LOCALIDAD": 73,
    "NOMBRE": "ACASILLADOS SAN MARTIN NOTARIO",
    "TIPO": 4,
    "CABECERA": 4
  },
  {
    "ENTIDAD": 29,
    "MUNICIPIO": 13,
    "LOCALIDAD": 75,
    "NOMBRE": "NCP SAN DIEGO XALPATLAHUAYA",
    "TIPO": 4,
    "CABECERA": null
  },
  {
    "ENTIDAD": 29,
    "MUNICIPIO": 14,
    "LOCALIDAD": 1,
    "NOMBRE": "SAN IDELFONSO HUEYOTLIPAN",
    "TIPO": 2,
    "CABECERA": 3
  },
  {
    "ENTIDAD": 29,
    "MUNICIPIO": 14,
    "LOCALIDAD": 2,
    "NOMBRE": "SAN SIMEON XIPETZINCO",
    "TIPO": 2,
    "CABECERA": 4
  },
  {
    "ENTIDAD": 29,
    "MUNICIPIO": 14,
    "LOCALIDAD": 3,
    "NOMBRE": "ADOLFO LOPEZ MATEOS",
    "TIPO": 2,
    "CABECERA": 4
  },
  {
    "ENTIDAD": 29,
    "MUNICIPIO": 14,
    "LOCALIDAD": 5,
    "NOMBRE": "EL CARMEN",
    "TIPO": 4,
    "CABECERA": null
  },
  {
    "ENTIDAD": 29,
    "MUNICIPIO": 14,
    "LOCALIDAD": 8,
    "NOMBRE": "IGNACIO ZARAGOZA",
    "TIPO": 2,
    "CABECERA": 4
  },
  {
    "ENTIDAD": 29,
    "MUNICIPIO": 14,
    "LOCALIDAD": 12,
    "NOMBRE": "SAN ANDRES CUAJIMALA",
    "TIPO": 4,
    "CABECERA": 4
  },
  {
    "ENTIDAD": 29,
    "MUNICIPIO": 14,
    "LOCALIDAD": 15,
    "NOMBRE": "SAN DIEGO RECOVA",
    "TIPO": 4,
    "CABECERA": 4
  },
  {
    "ENTIDAD": 29,
    "MUNICIPIO": 14,
    "LOCALIDAD": 17,
    "NOMBRE": "SAN LORENZO TECHALOTE",
    "TIPO": 4,
    "CABECERA": 4
  },
  {
    "ENTIDAD": 29,
    "MUNICIPIO": 14,
    "LOCALIDAD": 19,
    "NOMBRE": "SAN MANUEL TLALPAN",
    "TIPO": 4,
    "CABECERA": 4
  },
  {
    "ENTIDAD": 29,
    "MUNICIPIO": 14,
    "LOCALIDAD": 22,
    "NOMBRE": "SANTA MARIA IXCOTLA",
    "TIPO": 4,
    "CABECERA": 4
  },
  {
    "ENTIDAD": 29,
    "MUNICIPIO": 14,
    "LOCALIDAD": 23,
    "NOMBRE": "SANTIAGO TLALPAN",
    "TIPO": 4,
    "CABECERA": 4
  },
  {
    "ENTIDAD": 29,
    "MUNICIPIO": 14,
    "LOCALIDAD": 32,
    "NOMBRE": "SAN ANTONIO TECHALOTE",
    "TIPO": 4,
    "CABECERA": 4
  },
  {
    "ENTIDAD": 29,
    "MUNICIPIO": 15,
    "LOCALIDAD": 1,
    "NOMBRE": "IXTACUIXTLA DE MARIANO MATAMOROS",
    "TIPO": 2,
    "CABECERA": 3
  },
  {
    "ENTIDAD": 29,
    "MUNICIPIO": 15,
    "LOCALIDAD": 2,
    "NOMBRE": "SAN ANTONIO ATOTONILCO",
    "TIPO": 2,
    "CABECERA": 4
  },
  {
    "ENTIDAD": 29,
    "MUNICIPIO": 15,
    "LOCALIDAD": 4,
    "NOMBRE": "SAN DIEGO XOCOYUCAN",
    "TIPO": 2,
    "CABECERA": 4
  },
  {
    "ENTIDAD": 29,
    "MUNICIPIO": 15,
    "LOCALIDAD": 5,
    "NOMBRE": "SANTA INES TECUEXCOMAC",
    "TIPO": 2,
    "CABECERA": 4
  },
  {
    "ENTIDAD": 29,
    "MUNICIPIO": 15,
    "LOCALIDAD": 6,
    "NOMBRE": "SANTA JUSTINA ECATEPEC",
    "TIPO": 2,
    "CABECERA": 4
  },
  {
    "ENTIDAD": 29,
    "MUNICIPIO": 15,
    "LOCALIDAD": 8,
    "NOMBRE": "ALPOTZONGA DE LIRA Y ORTEGA",
    "TIPO": 2,
    "CABECERA": 4
  },
  {
    "ENTIDAD": 29,
    "MUNICIPIO": 15,
    "LOCALIDAD": 14,
    "NOMBRE": "LA CARIDAD CUAXONACAYO",
    "TIPO": 4,
    "CABECERA": 4
  },
  {
    "ENTIDAD": 29,
    "MUNICIPIO": 15,
    "LOCALIDAD": 22,
    "NOMBRE": "ESPIRITU SANTO",
    "TIPO": 2,
    "CABECERA": 4
  },
  {
    "ENTIDAD": 29,
    "MUNICIPIO": 15,
    "LOCALIDAD": 46,
    "NOMBRE": "SAN ANTONIO TECOAC",
    "TIPO": 2,
    "CABECERA": 4
  },
  {
    "ENTIDAD": 29,
    "MUNICIPIO": 15,
    "LOCALIDAD": 47,
    "NOMBRE": "SAN ANTONIO TIZOSTOC",
    "TIPO": 2,
    "CABECERA": 4
  },
  {
    "ENTIDAD": 29,
    "MUNICIPIO": 15,
    "LOCALIDAD": 48,
    "NOMBRE": "SANTIAGO XOCHIMILCO",
    "TIPO": 4,
    "CABECERA": 4
  },
  {
    "ENTIDAD": 29,
    "MUNICIPIO": 15,
    "LOCALIDAD": 50,
    "NOMBRE": "SAN CRISTOBAL OXTOTLAPANGO",
    "TIPO": 4,
    "CABECERA": null
  },
  {
    "ENTIDAD": 29,
    "MUNICIPIO": 15,
    "LOCALIDAD": 52,
    "NOMBRE": "SAN GABRIEL POPOCATLA",
    "TIPO": 2,
    "CABECERA": 4
  },
  {
    "ENTIDAD": 29,
    "MUNICIPIO": 15,
    "LOCALIDAD": 58,
    "NOMBRE": "SAN JUAN NEPOPUALCO",
    "TIPO": 4,
    "CABECERA": 4
  },
  {
    "ENTIDAD": 29,
    "MUNICIPIO": 15,
    "LOCALIDAD": 59,
    "NOMBRE": "SAN MARCOS JILOTEPEC",
    "TIPO": 4,
    "CABECERA": 4
  },
  {
    "ENTIDAD": 29,
    "MUNICIPIO": 15,
    "LOCALIDAD": 60,
    "NOMBRE": "SAN MIGUEL DE LA PRESA",
    "TIPO": 4,
    "CABECERA": 4
  },
  {
    "ENTIDAD": 29,
    "MUNICIPIO": 15,
    "LOCALIDAD": 62,
    "NOMBRE": "SANTA CRUZ EL PORVENIR",
    "TIPO": 2,
    "CABECERA": 4
  },
  {
    "ENTIDAD": 29,
    "MUNICIPIO": 15,
    "LOCALIDAD": 64,
    "NOMBRE": "SANTA ROSA DE LIMA",
    "TIPO": 4,
    "CABECERA": 4
  },
  {
    "ENTIDAD": 29,
    "MUNICIPIO": 15,
    "LOCALIDAD": 66,
    "NOMBRE": "LA SOLEDAD",
    "TIPO": 4,
    "CABECERA": 4
  },
  {
    "ENTIDAD": 29,
    "MUNICIPIO": 15,
    "LOCALIDAD": 68,
    "NOMBRE": "LA TRINIDAD TENEXYECAC",
    "TIPO": 2,
    "CABECERA": 4
  },
  {
    "ENTIDAD": 29,
    "MUNICIPIO": 16,
    "LOCALIDAD": 1,
    "NOMBRE": "SAN JUAN IXTENCO",
    "TIPO": 2,
    "CABECERA": 3
  },
  {
    "ENTIDAD": 29,
    "MUNICIPIO": 17,
    "LOCALIDAD": 1,
    "NOMBRE": "SAN COSME MAZATECOCHCO",
    "TIPO": 2,
    "CABECERA": 3
  },
  {
    "ENTIDAD": 29,
    "MUNICIPIO": 18,
    "LOCALIDAD": 1,
    "NOMBRE": "SAN BERNARDINO CONTLA",
    "TIPO": 2,
    "CABECERA": 3
  },
  {
    "ENTIDAD": 29,
    "MUNICIPIO": 18,
    "LOCALIDAD": 2,
    "NOMBRE": "SAN FELIPE CUAHUTENCO",
    "TIPO": 2,
    "CABECERA": 4
  },
  {
    "ENTIDAD": 29,
    "MUNICIPIO": 18,
    "LOCALIDAD": 3,
    "NOMBRE": "IXTLAHUACA",
    "TIPO": 4,
    "CABECERA": 4
  },
  {
    "ENTIDAD": 29,
    "MUNICIPIO": 18,
    "LOCALIDAD": 4,
    "NOMBRE": "LUZ (BARRIO), LA",
    "TIPO": 2,
    "CABECERA": 4
  },
  {
    "ENTIDAD": 29,
    "MUNICIPIO": 18,
    "LOCALIDAD": 5,
    "NOMBRE": "OCOTLAN TEPATLAXCO",
    "TIPO": 4,
    "CABECERA": 4
  },
  {
    "ENTIDAD": 29,
    "MUNICIPIO": 18,
    "LOCALIDAD": 6,
    "NOMBRE": "SAN JOSE AZTATLA",
    "TIPO": 2,
    "CABECERA": 4
  },
  {
    "ENTIDAD": 29,
    "MUNICIPIO": 18,
    "LOCALIDAD": 7,
    "NOMBRE": "SANTA MARIA AQUIAHUAC",
    "TIPO": 4,
    "CABECERA": 4
  },
  {
    "ENTIDAD": 29,
    "MUNICIPIO": 19,
    "LOCALIDAD": 1,
    "NOMBRE": "TEPETITLA",
    "TIPO": 2,
    "CABECERA": 3
  },
  {
    "ENTIDAD": 29,
    "MUNICIPIO": 19,
    "LOCALIDAD": 2,
    "NOMBRE": "VILLA ALTA",
    "TIPO": 2,
    "CABECERA": 4
  },
  {
    "ENTIDAD": 29,
    "MUNICIPIO": 19,
    "LOCALIDAD": 3,
    "NOMBRE": "GUADALUPE VICTORIA",
    "TIPO": 2,
    "CABECERA": 4
  },
  {
    "ENTIDAD": 29,
    "MUNICIPIO": 19,
    "LOCALIDAD": 5,
    "NOMBRE": "SAN MATEO AYECAC",
    "TIPO": 2,
    "CABECERA": 4
  },
  {
    "ENTIDAD": 29,
    "MUNICIPIO": 20,
    "LOCALIDAD": 1,
    "NOMBRE": "SANCTORUM",
    "TIPO": 2,
    "CABECERA": 3
  },
  {
    "ENTIDAD": 29,
    "MUNICIPIO": 20,
    "LOCALIDAD": 10,
    "NOMBRE": "FRANCISCO VILLA",
    "TIPO": 2,
    "CABECERA": 4
  },
  {
    "ENTIDAD": 29,
    "MUNICIPIO": 20,
    "LOCALIDAD": 24,
    "NOMBRE": "RANCHERIA DE ALVARO OBREGON",
    "TIPO": 2,
    "CABECERA": null
  },
  {
    "ENTIDAD": 29,
    "MUNICIPIO": 21,
    "LOCALIDAD": 1,
    "NOMBRE": "NANACAMILPA ",
    "TIPO": 2,
    "CABECERA": 3
  },
  {
    "ENTIDAD": 29,
    "MUNICIPIO": 21,
    "LOCALIDAD": 12,
    "NOMBRE": "FRANCISCO I. MADERO",
    "TIPO": 2,
    "CABECERA": 4
  },
  {
    "ENTIDAD": 29,
    "MUNICIPIO": 21,
    "LOCALIDAD": 14,
    "NOMBRE": "GENERAL DOMINGO ARENAS",
    "TIPO": 4,
    "CABECERA": 4
  },
  {
    "ENTIDAD": 29,
    "MUNICIPIO": 21,
    "LOCALIDAD": 19,
    "NOMBRE": "MIGUEL LIRA Y ORTEGA",
    "TIPO": 4,
    "CABECERA": 4
  },
  {
    "ENTIDAD": 29,
    "MUNICIPIO": 21,
    "LOCALIDAD": 26,
    "NOMBRE": "SAN FELIPE HIDALGO",
    "TIPO": 2,
    "CABECERA": 4
  },
  {
    "ENTIDAD": 29,
    "MUNICIPIO": 21,
    "LOCALIDAD": 33,
    "NOMBRE": "TEPUENTE",
    "TIPO": 4,
    "CABECERA": 4
  },
  {
    "ENTIDAD": 29,
    "MUNICIPIO": 22,
    "LOCALIDAD": 1,
    "NOMBRE": "ACUAMANALA",
    "TIPO": 2,
    "CABECERA": 3
  },
  {
    "ENTIDAD": 29,
    "MUNICIPIO": 22,
    "LOCALIDAD": 4,
    "NOMBRE": "GUADALUPE HIDALGO",
    "TIPO": 2,
    "CABECERA": 4
  },
  {
    "ENTIDAD": 29,
    "MUNICIPIO": 22,
    "LOCALIDAD": 5,
    "NOMBRE": "OLEXTLA DE JUAREZ",
    "TIPO": 4,
    "CABECERA": 4
  },
  {
    "ENTIDAD": 29,
    "MUNICIPIO": 23,
    "LOCALIDAD": 1,
    "NOMBRE": "SANTA MARIA NATIVITAS",
    "TIPO": 2,
    "CABECERA": 3
  },
  {
    "ENTIDAD": 29,
    "MUNICIPIO": 23,
    "LOCALIDAD": 2,
    "NOMBRE": "SAN VICENTE XILOXOCHITLA",
    "TIPO": 2,
    "CABECERA": 3
  },
  {
    "ENTIDAD": 29,
    "MUNICIPIO": 23,
    "LOCALIDAD": 3,
    "NOMBRE": "ANALCO",
    "TIPO": 2,
    "CABECERA": 4
  },
  {
    "ENTIDAD": 29,
    "MUNICIPIO": 23,
    "LOCALIDAD": 6,
    "NOMBRE": "NUEVO CENTRO DE POBLACION AGRICOLA",
    "TIPO": 4,
    "CABECERA": null
  },
  {
    "ENTIDAD": 29,
    "MUNICIPIO": 23,
    "LOCALIDAD": 8,
    "NOMBRE": "SAN JOSE ATOYATENCO",
    "TIPO": 2,
    "CABECERA": 3
  },
  {
    "ENTIDAD": 29,
    "MUNICIPIO": 23,
    "LOCALIDAD": 9,
    "NOMBRE": "SAN JUAN TEPACTEPEC",
    "TIPO": 4,
    "CABECERA": null
  },
  {
    "ENTIDAD": 29,
    "MUNICIPIO": 23,
    "LOCALIDAD": 10,
    "NOMBRE": "SAN MIGUEL DEL MILAGRO",
    "TIPO": 2,
    "CABECERA": 4
  },
  {
    "ENTIDAD": 29,
    "MUNICIPIO": 23,
    "LOCALIDAD": 11,
    "NOMBRE": "SAN MIGUEL TLALED",
    "TIPO": 4,
    "CABECERA": null
  },
  {
    "ENTIDAD": 29,
    "MUNICIPIO": 23,
    "LOCALIDAD": 12,
    "NOMBRE": "SAN MIGUEL XOCHITECATITLA",
    "TIPO": 2,
    "CABECERA": 4
  },
  {
    "ENTIDAD": 29,
    "MUNICIPIO": 23,
    "LOCALIDAD": 13,
    "NOMBRE": "SAN RAFAEL TENANYECAC",
    "TIPO": 2,
    "CABECERA": 4
  },
  {
    "ENTIDAD": 29,
    "MUNICIPIO": 23,
    "LOCALIDAD": 15,
    "NOMBRE": "SANTA CLARA ATOYATENCO",
    "TIPO": 4,
    "CABECERA": null
  },
  {
    "ENTIDAD": 29,
    "MUNICIPIO": 23,
    "LOCALIDAD": 17,
    "NOMBRE": "SANTIAGO MICHAC",
    "TIPO": 2,
    "CABECERA": 4
  },
  {
    "ENTIDAD": 29,
    "MUNICIPIO": 24,
    "LOCALIDAD": 1,
    "NOMBRE": "SAN NICOLAS PANOTLA",
    "TIPO": 2,
    "CABECERA": 3
  },
  {
    "ENTIDAD": 29,
    "MUNICIPIO": 24,
    "LOCALIDAD": 2,
    "NOMBRE": "SAN JORGE TEZOQUIPAN",
    "TIPO": 2,
    "CABECERA": 4
  },
  {
    "ENTIDAD": 29,
    "MUNICIPIO": 24,
    "LOCALIDAD": 3,
    "NOMBRE": "SAN MATEO HUEXOYUCAN",
    "TIPO": 2,
    "CABECERA": 4
  },
  {
    "ENTIDAD": 29,
    "MUNICIPIO": 24,
    "LOCALIDAD": 4,
    "NOMBRE": "SAN TADEO HUILOAPAN",
    "TIPO": 2,
    "CABECERA": 4
  },
  {
    "ENTIDAD": 29,
    "MUNICIPIO": 24,
    "LOCALIDAD": 6,
    "NOMBRE": "JESUS ACATITLA",
    "TIPO": 2,
    "CABECERA": 4
  },
  {
    "ENTIDAD": 29,
    "MUNICIPIO": 24,
    "LOCALIDAD": 8,
    "NOMBRE": "SAN AMBROSIO TEXANTLA",
    "TIPO": 4,
    "CABECERA": 4
  },
  {
    "ENTIDAD": 29,
    "MUNICIPIO": 24,
    "LOCALIDAD": 9,
    "NOMBRE": "SAN FRANCISCO TEMETZONTLA",
    "TIPO": 2,
    "CABECERA": 4
  },
  {
    "ENTIDAD": 29,
    "MUNICIPIO": 24,
    "LOCALIDAD": 10,
    "NOMBRE": "SANTA CATALINA APATLAHCO",
    "TIPO": 4,
    "CABECERA": 4
  },
  {
    "ENTIDAD": 29,
    "MUNICIPIO": 24,
    "LOCALIDAD": 11,
    "NOMBRE": "SANTA CRUZ TECHACHALCO",
    "TIPO": 2,
    "CABECERA": 4
  },
  {
    "ENTIDAD": 29,
    "MUNICIPIO": 25,
    "LOCALIDAD": 1,
    "NOMBRE": "VICENTE GUERRERO",
    "TIPO": 2,
    "CABECERA": 3
  },
  {
    "ENTIDAD": 29,
    "MUNICIPIO": 25,
    "LOCALIDAD": 2,
    "NOMBRE": "SAN ISIDRO BUENSUCESO",
    "TIPO": 2,
    "CABECERA": 4
  },
  {
    "ENTIDAD": 29,
    "MUNICIPIO": 26,
    "LOCALIDAD": 1,
    "NOMBRE": "SANTA CRUZ TLAXCALA",
    "TIPO": 2,
    "CABECERA": 3
  },
  {
    "ENTIDAD": 29,
    "MUNICIPIO": 26,
    "LOCALIDAD": 4,
    "NOMBRE": "GUADALUPE TLACHCO",
    "TIPO": 2,
    "CABECERA": 4
  },
  {
    "ENTIDAD": 29,
    "MUNICIPIO": 26,
    "LOCALIDAD": 5,
    "NOMBRE": "JESUS HUITZNAHUAC",
    "TIPO": 2,
    "CABECERA": 4
  },
  {
    "ENTIDAD": 29,
    "MUNICIPIO": 27,
    "LOCALIDAD": 1,
    "NOMBRE": "SAN MIGUEL TENANCINGO",
    "TIPO": 2,
    "CABECERA": 3
  },
  {
    "ENTIDAD": 29,
    "MUNICIPIO": 28,
    "LOCALIDAD": 1,
    "NOMBRE": "SAN LUIS TEOLOCHOLCO",
    "TIPO": 2,
    "CABECERA": 3
  },
  {
    "ENTIDAD": 29,
    "MUNICIPIO": 28,
    "LOCALIDAD": 2,
    "NOMBRE": "EL CARMEN AZTAMA",
    "TIPO": 2,
    "CABECERA": 4
  },
  {
    "ENTIDAD": 29,
    "MUNICIPIO": 28,
    "LOCALIDAD": 3,
    "NOMBRE": "COAXINCA",
    "TIPO": 4,
    "CABECERA": 4
  },
  {
    "ENTIDAD": 29,
    "MUNICIPIO": 29,
    "LOCALIDAD": 1,
    "NOMBRE": "SAN FRANCISCO TEPEYANCO",
    "TIPO": 2,
    "CABECERA": 3
  },
  {
    "ENTIDAD": 29,
    "MUNICIPIO": 29,
    "LOCALIDAD": 3,
    "NOMBRE": "LAS AGUILAS",
    "TIPO": 4,
    "CABECERA": null
  },
  {
    "ENTIDAD": 29,
    "MUNICIPIO": 29,
    "LOCALIDAD": 4,
    "NOMBRE": "LA AURORA",
    "TIPO": 2,
    "CABECERA": null
  },
  {
    "ENTIDAD": 29,
    "MUNICIPIO": 29,
    "LOCALIDAD": 5,
    "NOMBRE": "GUERRERO",
    "TIPO": 4,
    "CABECERA": 4
  },
  {
    "ENTIDAD": 29,
    "MUNICIPIO": 29,
    "LOCALIDAD": 6,
    "NOMBRE": "SAN COSME ATLAMAXAC",
    "TIPO": 2,
    "CABECERA": 4
  },
  {
    "ENTIDAD": 29,
    "MUNICIPIO": 29,
    "LOCALIDAD": 7,
    "NOMBRE": "SAN PEDRO XALCATZINCO",
    "TIPO": 2,
    "CABECERA": 4
  },
  {
    "ENTIDAD": 29,
    "MUNICIPIO": 29,
    "LOCALIDAD": 9,
    "NOMBRE": "SANTIAGO TLACOCHCALCO",
    "TIPO": 2,
    "CABECERA": 4
  },
  {
    "ENTIDAD": 29,
    "MUNICIPIO": 30,
    "LOCALIDAD": 1,
    "NOMBRE": "SAN NICOLAS TERRENATE",
    "TIPO": 2,
    "CABECERA": 3
  },
  {
    "ENTIDAD": 29,
    "MUNICIPIO": 30,
    "LOCALIDAD": 4,
    "NOMBRE": "TOLUCA DE GUADALUPE",
    "TIPO": 2,
    "CABECERA": 4
  },
  {
    "ENTIDAD": 29,
    "MUNICIPIO": 30,
    "LOCALIDAD": 5,
    "NOMBRE": "LOS AMELES",
    "TIPO": 4,
    "CABECERA": 4
  },
  {
    "ENTIDAD": 29,
    "MUNICIPIO": 30,
    "LOCALIDAD": 9,
    "NOMBRE": "COLONIA EL CAPULIN",
    "TIPO": 4,
    "CABECERA": 4
  },
  {
    "ENTIDAD": 29,
    "MUNICIPIO": 30,
    "LOCALIDAD": 18,
    "NOMBRE": "GUADALUPE VICTORIA",
    "TIPO": 2,
    "CABECERA": 4
  },
  {
    "ENTIDAD": 29,
    "MUNICIPIO": 30,
    "LOCALIDAD": 27,
    "NOMBRE": "NICOLAS BRAVO",
    "TIPO": 2,
    "CABECERA": 4
  },
  {
    "ENTIDAD": 29,
    "MUNICIPIO": 30,
    "LOCALIDAD": 62,
    "NOMBRE": "SAN JOSE VILLARREAL ",
    "TIPO": 2,
    "CABECERA": 4
  },
  {
    "ENTIDAD": 29,
    "MUNICIPIO": 31,
    "LOCALIDAD": 1,
    "NOMBRE": "SANTIAGO TETLA",
    "TIPO": 2,
    "CABECERA": 3
  },
  {
    "ENTIDAD": 29,
    "MUNICIPIO": 31,
    "LOCALIDAD": 2,
    "NOMBRE": "SAN BARTOLOME MATLALOHCAN",
    "TIPO": 2,
    "CABECERA": 4
  },
  {
    "ENTIDAD": 29,
    "MUNICIPIO": 31,
    "LOCALIDAD": 3,
    "NOMBRE": "SAN FRANCISCO ATEXCATZINGO",
    "TIPO": 2,
    "CABECERA": 4
  },
  {
    "ENTIDAD": 29,
    "MUNICIPIO": 31,
    "LOCALIDAD": 4,
    "NOMBRE": "CAPULAC",
    "TIPO": 2,
    "CABECERA": 4
  },
  {
    "ENTIDAD": 29,
    "MUNICIPIO": 31,
    "LOCALIDAD": 9,
    "NOMBRE": "JOSE MARIA MORELOS Y PAVON",
    "TIPO": 4,
    "CABECERA": 4
  },
  {
    "ENTIDAD": 29,
    "MUNICIPIO": 31,
    "LOCALIDAD": 15,
    "NOMBRE": "PLAN DE AYALA",
    "TIPO": 4,
    "CABECERA": null
  },
  {
    "ENTIDAD": 29,
    "MUNICIPIO": 31,
    "LOCALIDAD": 22,
    "NOMBRE": "SAN ISIDRO PIEDRAS NEGRAS",
    "TIPO": 4,
    "CABECERA": 4
  },
  {
    "ENTIDAD": 29,
    "MUNICIPIO": 31,
    "LOCALIDAD": 25,
    "NOMBRE": "SANTA FE LA TROJE",
    "TIPO": 4,
    "CABECERA": 4
  },
  {
    "ENTIDAD": 29,
    "MUNICIPIO": 31,
    "LOCALIDAD": 29,
    "NOMBRE": "XICOHTENCATL",
    "TIPO": 4,
    "CABECERA": null
  },
  {
    "ENTIDAD": 29,
    "MUNICIPIO": 32,
    "LOCALIDAD": 1,
    "NOMBRE": "SANTA ISABEL TETLATLAHUCA",
    "TIPO": 2,
    "CABECERA": 3
  },
  {
    "ENTIDAD": 29,
    "MUNICIPIO": 32,
    "LOCALIDAD": 5,
    "NOMBRE": "SAN ANDRES CUAMILPA",
    "TIPO": 2,
    "CABECERA": 4
  },
  {
    "ENTIDAD": 29,
    "MUNICIPIO": 32,
    "LOCALIDAD": 6,
    "NOMBRE": "SANTA ANA PORTALES",
    "TIPO": 4,
    "CABECERA": 4
  },
  {
    "ENTIDAD": 29,
    "MUNICIPIO": 33,
    "LOCALIDAD": 1,
    "NOMBRE": "TLAXCALA DE XICOHTENCATL",
    "TIPO": 2,
    "CABECERA": 1
  },
  {
    "ENTIDAD": 29,
    "MUNICIPIO": 34,
    "LOCALIDAD": 1,
    "NOMBRE": "TLAXCO DE MORELOS",
    "TIPO": 2,
    "CABECERA": 3
  },
  {
    "ENTIDAD": 29,
    "MUNICIPIO": 34,
    "LOCALIDAD": 2,
    "NOMBRE": "ACOPINALCO DEL PEÑON",
    "TIPO": 2,
    "CABECERA": 4
  },
  {
    "ENTIDAD": 29,
    "MUNICIPIO": 34,
    "LOCALIDAD": 3,
    "NOMBRE": "ATOTONILCO",
    "TIPO": 2,
    "CABECERA": 4
  },
  {
    "ENTIDAD": 29,
    "MUNICIPIO": 34,
    "LOCALIDAD": 4,
    "NOMBRE": "JOSE MARIA MORELOS BUENAVISTA",
    "TIPO": 2,
    "CABECERA": 4
  },
  {
    "ENTIDAD": 29,
    "MUNICIPIO": 34,
    "LOCALIDAD": 5,
    "NOMBRE": "LAGUNILLAS",
    "TIPO": 2,
    "CABECERA": 4
  },
  {
    "ENTIDAD": 29,
    "MUNICIPIO": 34,
    "LOCALIDAD": 6,
    "NOMBRE": "LA MAGDALENA SOLTEPEC",
    "TIPO": 2,
    "CABECERA": 4
  },
  {
    "ENTIDAD": 29,
    "MUNICIPIO": 34,
    "LOCALIDAD": 7,
    "NOMBRE": "EL ROSARIO",
    "TIPO": 2,
    "CABECERA": 4
  },
  {
    "ENTIDAD": 29,
    "MUNICIPIO": 34,
    "LOCALIDAD": 8,
    "NOMBRE": "SAN LORENZO SOLTEPEC",
    "TIPO": 2,
    "CABECERA": 4
  },
  {
    "ENTIDAD": 29,
    "MUNICIPIO": 34,
    "LOCALIDAD": 9,
    "NOMBRE": "UNION EJIDAL TIERRA Y LIBERTAD",
    "TIPO": 2,
    "CABECERA": 4
  },
  {
    "ENTIDAD": 29,
    "MUNICIPIO": 34,
    "LOCALIDAD": 23,
    "NOMBRE": "CASA BLANCA",
    "TIPO": 4,
    "CABECERA": 4
  },
  {
    "ENTIDAD": 29,
    "MUNICIPIO": 34,
    "LOCALIDAD": 33,
    "NOMBRE": "DIEGO MUÑOZ CAMARGO",
    "TIPO": 4,
    "CABECERA": null
  },
  {
    "ENTIDAD": 29,
    "MUNICIPIO": 34,
    "LOCALIDAD": 38,
    "NOMBRE": "GRACIANO SANCHEZ",
    "TIPO": 4,
    "CABECERA": 4
  },
  {
    "ENTIDAD": 29,
    "MUNICIPIO": 34,
    "LOCALIDAD": 41,
    "NOMBRE": "LA HERRADURA",
    "TIPO": 4,
    "CABECERA": null
  },
  {
    "ENTIDAD": 29,
    "MUNICIPIO": 34,
    "LOCALIDAD": 44,
    "NOMBRE": "HERRADURA O EJIDO DE TLAXCO",
    "TIPO": 4,
    "CABECERA": null
  },
  {
    "ENTIDAD": 29,
    "MUNICIPIO": 34,
    "LOCALIDAD": 46,
    "NOMBRE": "SAN ANTONIO HUEXOTITLA",
    "TIPO": 4,
    "CABECERA": 4
  },
  {
    "ENTIDAD": 29,
    "MUNICIPIO": 34,
    "LOCALIDAD": 47,
    "NOMBRE": "HUEXOTITLA GUADALUPE",
    "TIPO": 4,
    "CABECERA": null
  },
  {
    "ENTIDAD": 29,
    "MUNICIPIO": 34,
    "LOCALIDAD": 58,
    "NOMBRE": "MAGUEY CENIZO",
    "TIPO": 4,
    "CABECERA": 4
  },
  {
    "ENTIDAD": 29,
    "MUNICIPIO": 34,
    "LOCALIDAD": 60,
    "NOMBRE": "MARIANO MATAMOROS",
    "TIPO": 4,
    "CABECERA": 4
  },
  {
    "ENTIDAD": 29,
    "MUNICIPIO": 34,
    "LOCALIDAD": 62,
    "NOMBRE": "MAZAQUIAHUAC",
    "TIPO": 4,
    "CABECERA": 4
  },
  {
    "ENTIDAD": 29,
    "MUNICIPIO": 34,
    "LOCALIDAD": 109,
    "NOMBRE": "SAN DIEGO QUINTANILLA",
    "TIPO": 4,
    "CABECERA": 4
  },
  {
    "ENTIDAD": 29,
    "MUNICIPIO": 34,
    "LOCALIDAD": 121,
    "NOMBRE": "SAN PEDRO LA CUEVA",
    "TIPO": 4,
    "CABECERA": 4
  },
  {
    "ENTIDAD": 29,
    "MUNICIPIO": 34,
    "LOCALIDAD": 130,
    "NOMBRE": "SANTA MARIA ZOTOLUCA",
    "TIPO": 4,
    "CABECERA": 4
  },
  {
    "ENTIDAD": 29,
    "MUNICIPIO": 34,
    "LOCALIDAD": 136,
    "NOMBRE": "TECOMALUCAN",
    "TIPO": 4,
    "CABECERA": 4
  },
  {
    "ENTIDAD": 29,
    "MUNICIPIO": 34,
    "LOCALIDAD": 139,
    "NOMBRE": "SAN JOSE TEPEYAHUALCO",
    "TIPO": 2,
    "CABECERA": 4
  },
  {
    "ENTIDAD": 29,
    "MUNICIPIO": 34,
    "LOCALIDAD": 151,
    "NOMBRE": "LAS VIGAS",
    "TIPO": 4,
    "CABECERA": 4
  },
  {
    "ENTIDAD": 29,
    "MUNICIPIO": 34,
    "LOCALIDAD": 153,
    "NOMBRE": "XALOSTOC",
    "TIPO": 4,
    "CABECERA": 4
  },
  {
    "ENTIDAD": 29,
    "MUNICIPIO": 35,
    "LOCALIDAD": 1,
    "NOMBRE": "SANTA MARIA TOCATLAN",
    "TIPO": 2,
    "CABECERA": 3
  },
  {
    "ENTIDAD": 29,
    "MUNICIPIO": 36,
    "LOCALIDAD": 1,
    "NOMBRE": "SAN JUAN TOTOLAC",
    "TIPO": 2,
    "CABECERA": 3
  },
  {
    "ENTIDAD": 29,
    "MUNICIPIO": 37,
    "LOCALIDAD": 1,
    "NOMBRE": "SAN PABLO ZITLALTEPEC",
    "TIPO": 2,
    "CABECERA": 3
  },
  {
    "ENTIDAD": 29,
    "MUNICIPIO": 37,
    "LOCALIDAD": 2,
    "NOMBRE": "FRANCISCO JAVIER MINA",
    "TIPO": 2,
    "CABECERA": 4
  },
  {
    "ENTIDAD": 29,
    "MUNICIPIO": 37,
    "LOCALIDAD": 5,
    "NOMBRE": "SAN JUAN BAUTISTA MIER",
    "TIPO": 4,
    "CABECERA": 4
  },
  {
    "ENTIDAD": 29,
    "MUNICIPIO": 37,
    "LOCALIDAD": 6,
    "NOMBRE": "TLAXCALITA DE JUAREZ",
    "TIPO": 2,
    "CABECERA": 4
  },
  {
    "ENTIDAD": 29,
    "MUNICIPIO": 38,
    "LOCALIDAD": 1,
    "NOMBRE": "SAN SALVADOR TZOMPANTEPEC",
    "TIPO": 2,
    "CABECERA": 3
  },
  {
    "ENTIDAD": 29,
    "MUNICIPIO": 38,
    "LOCALIDAD": 6,
    "NOMBRE": "SAN JUAN QUETZALCOAPAN",
    "TIPO": 2,
    "CABECERA": 4
  },
  {
    "ENTIDAD": 29,
    "MUNICIPIO": 38,
    "LOCALIDAD": 7,
    "NOMBRE": "SAN MATEO INOPHIL",
    "TIPO": 4,
    "CABECERA": 4
  },
  {
    "ENTIDAD": 29,
    "MUNICIPIO": 38,
    "LOCALIDAD": 9,
    "NOMBRE": "XALTIANQUISCO",
    "TIPO": 4,
    "CABECERA": 4
  },
  {
    "ENTIDAD": 29,
    "MUNICIPIO": 39,
    "LOCALIDAD": 1,
    "NOMBRE": "XALOZTOC",
    "TIPO": 2,
    "CABECERA": 4
  },
  {
    "ENTIDAD": 29,
    "MUNICIPIO": 39,
    "LOCALIDAD": 2,
    "NOMBRE": "VELAZCO",
    "TIPO": 2,
    "CABECERA": 4
  },
  {
    "ENTIDAD": 29,
    "MUNICIPIO": 40,
    "LOCALIDAD": 1,
    "NOMBRE": "SAN MARTIN XALTOCAN",
    "TIPO": 2,
    "CABECERA": 3
  },
  {
    "ENTIDAD": 29,
    "MUNICIPIO": 40,
    "LOCALIDAD": 5,
    "NOMBRE": "LA ASCENCION HUITZCOLOTEPEC",
    "TIPO": 4,
    "CABECERA": 4
  },
  {
    "ENTIDAD": 29,
    "MUNICIPIO": 40,
    "LOCALIDAD": 8,
    "NOMBRE": "CUATLA",
    "TIPO": 4,
    "CABECERA": 4
  },
  {
    "ENTIDAD": 29,
    "MUNICIPIO": 40,
    "LOCALIDAD": 9,
    "NOMBRE": "LAS MESAS",
    "TIPO": 4,
    "CABECERA": 4
  },
  {
    "ENTIDAD": 29,
    "MUNICIPIO": 40,
    "LOCALIDAD": 16,
    "NOMBRE": "SANTA BARBARA ACUICUITZCATEPEC",
    "TIPO": 4,
    "CABECERA": 4
  },
  {
    "ENTIDAD": 29,
    "MUNICIPIO": 40,
    "LOCALIDAD": 18,
    "NOMBRE": "SAN JOSE TEXOPA",
    "TIPO": 4,
    "CABECERA": 4
  },
  {
    "ENTIDAD": 29,
    "MUNICIPIO": 41,
    "LOCALIDAD": 1,
    "NOMBRE": "SAN FRANCISCO PAPALOTLA",
    "TIPO": 2,
    "CABECERA": 3
  },
  {
    "ENTIDAD": 29,
    "MUNICIPIO": 41,
    "LOCALIDAD": 2,
    "NOMBRE": "SAN MARCOS CONTLA",
    "TIPO": 2,
    "CABECERA": 4
  },
  {
    "ENTIDAD": 29,
    "MUNICIPIO": 42,
    "LOCALIDAD": 1,
    "NOMBRE": "SANTO TORIBIO XICOHTZINCO",
    "TIPO": 2,
    "CABECERA": 3
  },
  {
    "ENTIDAD": 29,
    "MUNICIPIO": 43,
    "LOCALIDAD": 1,
    "NOMBRE": "SAN DIONICIO YAUHQUEMEHCAN",
    "TIPO": 2,
    "CABECERA": 3
  },
  {
    "ENTIDAD": 29,
    "MUNICIPIO": 43,
    "LOCALIDAD": 2,
    "NOMBRE": "ATENZINGO",
    "TIPO": 4,
    "CABECERA": null
  },
  {
    "ENTIDAD": 29,
    "MUNICIPIO": 43,
    "LOCALIDAD": 3,
    "NOMBRE": "HUACALTZINGO",
    "TIPO": 4,
    "CABECERA": 4
  },
  {
    "ENTIDAD": 29,
    "MUNICIPIO": 43,
    "LOCALIDAD": 4,
    "NOMBRE": "SAN BENITO XALTOCAN",
    "TIPO": 2,
    "CABECERA": 4
  },
  {
    "ENTIDAD": 29,
    "MUNICIPIO": 43,
    "LOCALIDAD": 5,
    "NOMBRE": "SAN JOSE TEPOXTLA",
    "TIPO": 4,
    "CABECERA": null
  },
  {
    "ENTIDAD": 29,
    "MUNICIPIO": 43,
    "LOCALIDAD": 6,
    "NOMBRE": "SAN JOSE TETEL",
    "TIPO": 2,
    "CABECERA": 4
  },
  {
    "ENTIDAD": 29,
    "MUNICIPIO": 43,
    "LOCALIDAD": 7,
    "NOMBRE": "SANTA MARIA ATLIHUETZIA",
    "TIPO": 2,
    "CABECERA": 4
  },
  {
    "ENTIDAD": 29,
    "MUNICIPIO": 43,
    "LOCALIDAD": 8,
    "NOMBRE": "SANTA URSULA ZIMATEPEC",
    "TIPO": 2,
    "CABECERA": 4
  },
  {
    "ENTIDAD": 29,
    "MUNICIPIO": 44,
    "LOCALIDAD": 1,
    "NOMBRE": "ZACATELCO",
    "TIPO": 2,
    "CABECERA": 3
  },
  {
    "ENTIDAD": 29,
    "MUNICIPIO": 44,
    "LOCALIDAD": 4,
    "NOMBRE": "DOMINGO ARENAS",
    "TIPO": 4,
    "CABECERA": null
  },
  {
    "ENTIDAD": 29,
    "MUNICIPIO": 45,
    "LOCALIDAD": 1,
    "NOMBRE": "SANTA APOLONIA TEACALCO",
    "TIPO": 2,
    "CABECERA": 3
  },
  {
    "ENTIDAD": 29,
    "MUNICIPIO": 46,
    "LOCALIDAD": 1,
    "NOMBRE": "SANTA CRUZ QUILEHTLA",
    "TIPO": 2,
    "CABECERA": 3
  },
  {
    "ENTIDAD": 29,
    "MUNICIPIO": 46,
    "LOCALIDAD": 2,
    "NOMBRE": "AYOMETITLA",
    "TIPO": 2,
    "CABECERA": 4
  },
  {
    "ENTIDAD": 29,
    "MUNICIPIO": 47,
    "LOCALIDAD": 1,
    "NOMBRE": "SAN JUAN HUACTZINCO",
    "TIPO": 2,
    "CABECERA": 3
  },
  {
    "ENTIDAD": 29,
    "MUNICIPIO": 48,
    "LOCALIDAD": 1,
    "NOMBRE": "SANTA CATARINA AYOMETLA",
    "TIPO": 2,
    "CABECERA": 3
  },
  {
    "ENTIDAD": 29,
    "MUNICIPIO": 49,
    "LOCALIDAD": 1,
    "NOMBRE": "SANTA ISABEL XILOXOXTLA",
    "TIPO": 2,
    "CABECERA": 3
  },
  {
    "ENTIDAD": 29,
    "MUNICIPIO": 50,
    "LOCALIDAD": 1,
    "NOMBRE": "SAN JOSE TEACALCO",
    "TIPO": 2,
    "CABECERA": 3
  },
  {
    "ENTIDAD": 29,
    "MUNICIPIO": 51,
    "LOCALIDAD": 1,
    "NOMBRE": "SAN FRANCISCO TETLANOHCAN",
    "TIPO": 2,
    "CABECERA": 3
  },
  {
    "ENTIDAD": 29,
    "MUNICIPIO": 52,
    "LOCALIDAD": 1,
    "NOMBRE": "LA MAGDALENA TLALTELULCO",
    "TIPO": 2,
    "CABECERA": 3
  },
  {
    "ENTIDAD": 29,
    "MUNICIPIO": 53,
    "LOCALIDAD": 1,
    "NOMBRE": "SAN DAMIAN TEXOLOC",
    "TIPO": 2,
    "CABECERA": 3
  },
  {
    "ENTIDAD": 29,
    "MUNICIPIO": 54,
    "LOCALIDAD": 1,
    "NOMBRE": "EMILIANO ZAPATA",
    "TIPO": 2,
    "CABECERA": 3
  },
  {
    "ENTIDAD": 29,
    "MUNICIPIO": 54,
    "LOCALIDAD": 2,
    "NOMBRE": "COLONIA GUSTAVO DIAZ ORDAZ",
    "TIPO": 4,
    "CABECERA": 4
  },
  {
    "ENTIDAD": 29,
    "MUNICIPIO": 55,
    "LOCALIDAD": 1,
    "NOMBRE": "LAZARO CARDENAS",
    "TIPO": 2,
    "CABECERA": 3
  },
  {
    "ENTIDAD": 29,
    "MUNICIPIO": 55,
    "LOCALIDAD": 51,
    "NOMBRE": "SAN JOSE LA LAGUNA",
    "TIPO": 4,
    "CABECERA": 4
  },
  {
    "ENTIDAD": 29,
    "MUNICIPIO": 56,
    "LOCALIDAD": 1,
    "NOMBRE": "SAN JERONIMO ZACUALPAN",
    "TIPO": 2,
    "CABECERA": 3
  },
  {
    "ENTIDAD": 29,
    "MUNICIPIO": 57,
    "LOCALIDAD": 1,
    "NOMBRE": "SAN LUCAS TECOPILCO",
    "TIPO": 2,
    "CABECERA": 3
  },
  {
    "ENTIDAD": 29,
    "MUNICIPIO": 58,
    "LOCALIDAD": 1,
    "NOMBRE": "SANTA ANA NOPALUCAN",
    "TIPO": 2,
    "CABECERA": 3
  },
  {
    "ENTIDAD": 29,
    "MUNICIPIO": 59,
    "LOCALIDAD": 1,
    "NOMBRE": "SAN LORENZO AXOCOMANITLA",
    "TIPO": 2,
    "CABECERA": 3
  },
  {
    "ENTIDAD": 29,
    "MUNICIPIO": 60,
    "LOCALIDAD": 1,
    "NOMBRE": "BENITO JUAREZ",
    "TIPO": 2,
    "CABECERA": 4
  }
]